<?xml version="1.0" encoding="UTF-8"?>
<!DOCTYPE faces-config PUBLIC "-//Sun Microsystems, Inc.//DTD JavaServer Faces Config 1.1//EN"
                              "http://java.sun.com/dtd/web-facesconfig_1_1.dtd">
<faces-config>
    <navigation-rule>
        <from-view-id>/Recommendations.jsp</from-view-id>
        <navigation-case>
            <from-outcome>case1</from-outcome>
            <to-view-id>/Options.jsp</to-view-id>
        </navigation-case>
    </navigation-rule>
    <navigation-rule>
        <from-view-id>/Options.jsp</from-view-id>
        <navigation-case>
            <from-outcome>case1</from-outcome>
            <to-view-id>/Recommendations.jsp</to-view-id>
        </navigation-case>
    </navigation-rule>
    <navigation-rule>
        <from-view-id>/Recomendaciones.jsp</from-view-id>
        <navigation-case>
            <from-outcome>case1</from-outcome>
            <to-view-id>/Opciones.jsp</to-view-id>
        </navigation-case>
    </navigation-rule>
    <navigation-rule>
        <from-view-id>/Opciones.jsp</from-view-id>
        <navigation-case>
            <from-outcome>case1</from-outcome>
            <to-view-id>/Recomendaciones.jsp</to-view-id>
        </navigation-case>
    </navigation-rule>
</faces-config>
