<?xml version="1.0" encoding="UTF-8"?>
<!DOCTYPE faces-config PUBLIC "-//Sun Microsystems, Inc.//DTD JavaServer Faces Config 1.1//EN"
                              "http://java.sun.com/dtd/web-facesconfig_1_1.dtd">
<faces-config>
    <managed-bean>
        <managed-bean-name>SessionBean1</managed-bean-name>
        <managed-bean-class>sesion.SessionBean1</managed-bean-class>
        <managed-bean-scope>session</managed-bean-scope>
    </managed-bean>
    <managed-bean>
        <managed-bean-name>Page1</managed-bean-name>
        <managed-bean-class>sesion.Page1</managed-bean-class>
        <managed-bean-scope>request</managed-bean-scope>
    </managed-bean>
    <managed-bean>
        <managed-bean-name>RequestBean1</managed-bean-name>
        <managed-bean-class>sesion.RequestBean1</managed-bean-class>
        <managed-bean-scope>request</managed-bean-scope>
    </managed-bean>
    <managed-bean>
        <managed-bean-name>ApplicationBean1</managed-bean-name>
        <managed-bean-class>sesion.ApplicationBean1</managed-bean-class>
        <managed-bean-scope>application</managed-bean-scope>
    </managed-bean>
    <managed-bean>
        <managed-bean-name>Recomendaciones</managed-bean-name>
        <managed-bean-class>sesion.Recomendaciones</managed-bean-class>
        <managed-bean-scope>request</managed-bean-scope>
    </managed-bean>
    <managed-bean>
        <managed-bean-name>Opciones</managed-bean-name>
        <managed-bean-class>sesion.Opciones</managed-bean-class>
        <managed-bean-scope>request</managed-bean-scope>
    </managed-bean>
    <managed-bean>
        <managed-bean-name>SessionBean</managed-bean-name>
        <managed-bean-class>sesion.SessionBean</managed-bean-class>
        <managed-bean-scope>session</managed-bean-scope>
    </managed-bean>
    <managed-bean>
        <managed-bean-name>ApplicationBean</managed-bean-name>
        <managed-bean-class>sesion.ApplicationBean</managed-bean-class>
        <managed-bean-scope>application</managed-bean-scope>
    </managed-bean>
    <managed-bean>
        <managed-bean-name>RequestBean</managed-bean-name>
        <managed-bean-class>sesion.RequestBean</managed-bean-class>
        <managed-bean-scope>request</managed-bean-scope>
    </managed-bean>
</faces-config>
