<?xml version="1.0" encoding="UTF-8"?>
<project-private xmlns="http://www.netbeans.org/ns/project-private/1">
    <editor-bookmarks xmlns="http://www.netbeans.org/ns/editor-bookmarks/1"/>
    <open-files xmlns="http://www.netbeans.org/ns/projectui-open-files/1">
        <file>file:/C:/Documents%20and%20Settings/aromero/GeneradorEcuaciones/src/java/com/deitel/jhtp7/cap28/generadorecuaciones/Ecuacion.java</file>
        <file>file:/C:/Documents%20and%20Settings/aromero/GeneradorEcuaciones/src/java/com/deitel/jhtp7/cap28/generadorecuaciones/GeneradorEcuaciones.java</file>
        <file>file:/C:/Documents%20and%20Settings/aromero/GeneradorEcuaciones/web/index.jsp</file>
    </open-files>
</project-private>
