<?xml version="1.0" encoding="UTF-8"?>
<jax-ws xmlns="http://www.netbeans.org/ns/jax-ws/1">
  <services/>
  <clients>
    <client name="ServicioGeneradorEcuaciones">
      <wsdl-url>http://localhost:8080/GeneradorEcuaciones/ServicioGeneradorEcuaciones?WSDL</wsdl-url>
      <local-wsdl-file>localhost_8080/GeneradorEcuaciones/ServicioGeneradorEcuaciones.wsdl</local-wsdl-file>
      <package-name forceReplace="true">com.deitel.jhtp7.cap28.clientegeneradorecuaciones</package-name>
      <catalog-file>catalog.xml</catalog-file>
    </client>
  </clients>
  <jsr109>false</jsr109>
</jax-ws>
